question,option1,option2,option3,option4,correct
The manager needs someone with the _____ to lead the team effectively.,ability,agenda,approval,branch,1
She worked hard to _____ all her goals before the deadline.,achieve,adjust,allocate,assume,1
The report must be _____ before it is submitted to the board.,accurate,adequate,annual,available,1
The company will _____ a new policy regarding remote work next month.,announce,apply,appoint,assign,1
All employees must _____ for the training session by Friday.,register,accomplish,address,attend,4
The board gave its _____ for the new marketing campaign.,approval,agenda,agreement,advantage,1
We need to _____ the budget carefully to avoid overspending.,allocate,address,adjust,apply,1
The HR department will _____ a new director next week.,appoint,assist,assume,authorize,1
Each team leader must _____ tasks fairly among team members.,assign,attend,authorize,announce,1
The new software is _____ to all employees starting Monday.,available,adequate,accurate,annual,1
The company holds an _____ review of all staff performance.,annual,accurate,adequate,available,1
Please _____ your schedule to attend the morning briefing.,adjust,allocate,apply,announce,1
The new office has enough space to _____ 200 employees.,accommodate,accomplish,address,assess,1
She was asked to _____ the issue with the client directly.,address,adjust,allocate,announce,1
The committee will _____ the risks before making a final decision.,assess,assign,assist,assume,1
The new employee will _____ the role of project coordinator.,assume,attend,authorize,apply,1
Only the CEO can _____ payments over $10,000.,authorize,assist,assess,assign,1
The intern was hired to _____ the marketing team with daily tasks.,assist,assume,attend,authorize,1
All candidates must _____ for the position through the online portal.,apply,appoint,approve,announce,1
The company offers excellent _____ including health insurance and bonuses.,benefits,budgets,branches,agreements,1
The new _____ in Da Nang will open next quarter.,branch,budget,benefit,agenda,1
The finance team prepared a detailed _____ for the upcoming year.,budget,branch,benefit,agenda,1
The first item on the _____ is the quarterly sales report.,agenda,agreement,advantage,approval,1
Both parties signed the _____ after a long negotiation.,agreement,advantage,agenda,approval,1
Using renewable energy gives the company a competitive _____.,advantage,agreement,agenda,approval,1
The top _____ for the position will be interviewed next week.,candidate,colleague,contract,concern,1
The two companies signed a three-year _____ last Monday.,contract,candidate,concern,conduct,1
The team will _____ a survey to measure customer satisfaction.,conduct,confirm,contribute,coordinate,1
Please _____ your attendance by replying to this email.,confirm,conduct,contribute,coordinate,1
The new system will _____ to a significant reduction in costs.,contribute,confirm,conduct,coordinate,1
